{"cameraMode":{"drawMode":0,"name":"Shaded","section":"Shading Mode"},"sceneLighting":true,"audioPlay":false,"sceneViewState":{"showFog":true,"showMaterialUpdate":false,"showSkybox":true,"showFlares":true,"showImageEffects":true,"showParticleSystems":true},"in2DMode":false,"pivot":{"x":0.0,"y":1.6458333730697632,"z":-0.010416984558105469},"rotation":{"x":0.10082264244556427,"y":-0.010842133313417435,"z":-0.0010981617961078883,"w":-0.9948447346687317},"size":2.2392921447753908,"orthographic":true}