{"cameraMode":{"drawMode":0,"name":"Shaded","section":"Shading Mode"},"sceneLighting":true,"audioPlay":false,"sceneViewState":{"showFog":true,"showMaterialUpdate":false,"showSkybox":true,"showFlares":true,"showImageEffects":true,"showParticleSystems":true},"in2DMode":false,"pivot":{"x":0.0,"y":-0.4505208730697632,"z":-0.7760419845581055},"rotation":{"x":0.021495012566447259,"y":-0.019495651125907899,"z":0.0003943039628211409,"w":0.9995788335800171},"size":13.882140159606934,"orthographic":true}