{"cameraMode":{"drawMode":0,"name":"Shaded","section":"Shading Mode"},"sceneLighting":true,"audioPlay":false,"sceneViewState":{"showFog":true,"showMaterialUpdate":false,"showSkybox":true,"showFlares":true,"showImageEffects":true,"showParticleSystems":true},"in2DMode":false,"pivot":{"x":-0.2373046875,"y":0.9694496393203735,"z":90.0},"rotation":{"x":-0.043181419372558597,"y":-0.11811124533414841,"z":0.005140381399542093,"w":-0.9920477271080017},"size":1.2470250129699708,"orthographic":true}