{"cameraMode":{"drawMode":0,"name":"Shaded","section":"Shading Mode"},"sceneLighting":true,"audioPlay":false,"sceneViewState":{"showFog":true,"showMaterialUpdate":false,"showSkybox":true,"showFlares":true,"showImageEffects":true,"showParticleSystems":true},"in2DMode":false,"pivot":{"x":0.0452880859375,"y":4.322418212890625,"z":-0.19580078125},"rotation":{"x":0.02839926816523075,"y":0.08237284421920777,"z":0.0023475526832044126,"w":-0.9961941242218018},"size":6.314939022064209,"orthographic":true}