{"cameraMode":{"drawMode":0,"name":"Shaded","section":"Shading Mode"},"sceneLighting":true,"audioPlay":false,"sceneViewState":{"showFog":true,"showMaterialUpdate":false,"showSkybox":true,"showFlares":true,"showImageEffects":true,"showParticleSystems":true},"in2DMode":false,"pivot":{"x":-1.2216796875,"y":2.2440185546875,"z":-0.2890625},"rotation":{"x":0.02839926816523075,"y":0.08237284421920777,"z":0.0023475526832044126,"w":-0.9961941242218018},"size":4.9083638191223148,"orthographic":true}