{"cameraMode":{"drawMode":0,"name":"Shaded","section":"Shading Mode"},"sceneLighting":true,"audioPlay":false,"sceneViewState":{"showFog":true,"showMaterialUpdate":false,"showSkybox":true,"showFlares":true,"showImageEffects":true,"showParticleSystems":true},"in2DMode":false,"pivot":{"x":401.74151611328127,"y":346.7152099609375,"z":2.0853271484375},"rotation":{"x":-0.054571330547332767,"y":0.007488840259611607,"z":-0.00040930305840447545,"w":-0.9984817504882813},"size":22.0,"orthographic":false}