{"cameraMode":{"drawMode":0,"name":"Shaded","section":"Shading Mode"},"sceneLighting":true,"audioPlay":false,"sceneViewState":{"showFog":true,"showMaterialUpdate":false,"showSkybox":true,"showFlares":true,"showImageEffects":true,"showParticleSystems":true},"in2DMode":false,"pivot":{"x":571.96044921875,"y":867.929443359375,"z":106.30085754394531},"rotation":{"x":-0.054571330547332767,"y":0.007488840259611607,"z":-0.00040930305840447545,"w":-0.9984817504882813},"size":2375.606689453125,"orthographic":false}